City_ID,City,Lat,Lng,Max Temp,Humidity,Cloudiness,Wind Speed,Country,Date
0,camacha,33.0833,-16.3333,288.83,63,40,8.75,PT,1675541845
1,avarua,-21.2078,-159.775,301.18,83,75,6.69,CK,1675541811
2,tevriz,57.509,72.4042,253.14,100,99,0.55,RU,1675541912
3,mataura,-46.1927,168.8643,294.31,74,100,2.99,NZ,1675541763
4,saint george,37.1041,-113.5841,286.72,35,0,0.89,US,1675541611
5,ushuaia,-54.8,-68.3,284.96,58,75,4.12,AR,1675541688
6,punta arenas,-53.15,-70.9167,283.21,93,100,3.09,CL,1675541593
7,rikitea,-23.1203,-134.9692,299.0,76,3,7.04,PF,1675541736
8,pevek,69.7008,170.3133,235.37,100,89,1.0,RU,1675541783
9,okha,53.5739,142.9478,244.91,99,79,4.56,RU,1675541324
10,kashary,49.04,41.0056,267.81,98,62,1.9,RU,1675541913
11,shihezi,44.3,86.0333,265.24,94,100,1.65,CN,1675541913
12,baykit,61.67,96.37,257.32,99,99,0.76,RU,1675541864
13,fort nelson,58.8053,-122.7002,258.68,68,75,1.34,CA,1675541742
14,albany,42.6001,-73.9662,261.93,43,54,0.89,US,1675541736
15,hilo,19.7297,-155.09,296.07,97,100,1.34,US,1675541810
16,norman wells,65.282,-126.8329,247.17,64,75,1.54,CA,1675541856
17,bethel,41.3712,-73.414,265.89,36,75,3.6,US,1675541807
18,ponta do sol,32.6667,-17.1,290.77,62,23,4.39,PT,1675541849
19,mar del plata,-38.0023,-57.5575,296.39,66,0,6.69,AR,1675541779
20,clyde river,70.4692,-68.5914,244.28,52,75,3.09,CA,1675541868
21,cape town,-33.9258,18.4232,295.01,83,43,4.28,ZA,1675541578
22,sinnamary,5.3833,-52.95,298.38,88,100,6.97,GF,1675541043
23,asyut,27.181,31.1837,286.33,47,90,2.9,EG,1675541914
24,isangel,-19.55,169.2667,301.21,94,75,0.0,VU,1675541869
25,vaini,-21.2,-175.2,301.24,83,40,4.12,TO,1675541854
26,bluff,-46.6,168.3333,292.23,80,100,4.89,NZ,1675541807
27,ambunti,-4.2365,142.8448,296.19,99,100,0.27,PG,1675541915
28,puerto ayora,-0.7393,-90.3518,303.13,88,34,4.02,EC,1675541758
29,east london,-33.0153,27.9116,297.6,82,100,7.59,ZA,1675541910
30,yangambi,0.8102,24.4336,296.43,44,12,1.34,CD,1675541916
31,busselton,-33.65,115.3333,296.66,45,93,3.33,AU,1675541807
32,lompoc,34.6391,-120.4579,294.27,66,0,4.12,US,1675541770
33,komsomolskiy,40.4272,71.7189,276.55,93,100,3.09,UZ,1675541862
34,jamestown,42.097,-79.2353,269.27,29,55,4.47,US,1675541793
35,tiksi,71.6872,128.8694,247.86,100,100,2.09,RU,1675541917
36,atlantic city,39.3643,-74.4229,271.49,44,0,4.12,US,1675541917
37,saskylakh,71.9167,114.0833,230.57,100,77,1.17,RU,1675541904
38,arraial do cabo,-22.9661,-42.0278,305.13,62,0,5.14,BR,1675541913
39,san policarpo,12.1791,125.5072,298.99,85,99,6.92,PH,1675541917
40,luwingu,-10.2621,29.9271,290.05,97,100,1.74,ZM,1675541918
41,ilhabela,-23.7781,-45.3581,302.5,69,92,1.83,BR,1675541754
42,porto novo,6.4965,2.6036,302.05,82,6,4.53,BJ,1675541916
43,kapaa,22.0752,-159.319,296.33,93,100,6.69,US,1675541761
44,poum,-20.2333,164.0167,300.5,79,48,2.03,NC,1675541912
45,bengkulu,-3.8004,102.2655,296.47,90,100,1.92,ID,1675541866
46,tabas,33.5959,56.9244,282.78,36,99,1.65,IR,1675541560
47,sobolevo,54.4299,31.8996,268.04,95,100,5.29,RU,1675541919
48,esperance,-33.8667,121.9,290.82,71,0,6.88,AU,1675541756
49,iqaluit,63.7506,-68.5145,237.42,66,20,6.71,CA,1675541905
50,hermanus,-34.4187,19.2345,291.93,94,19,3.33,ZA,1675541809
51,antibes,43.5624,7.1278,283.53,86,20,3.6,FR,1675541648
52,antsohihy,-14.8796,47.9875,297.03,95,86,0.62,MG,1675541919
53,pitimbu,-7.4706,-34.8086,302.48,75,21,5.23,BR,1675541920
54,longyearbyen,78.2186,15.6401,262.06,79,0,6.17,SJ,1675541861
55,acapulco,16.8634,-99.8901,304.05,48,0,3.09,MX,1675541920
56,loandjili,-4.7561,11.8578,300.02,84,21,4.28,CG,1675541920
57,alta floresta,-9.8756,-56.0861,302.05,74,40,3.09,BR,1675541921
58,turukhansk,65.8167,87.9833,259.93,97,98,2.2,RU,1675541908
59,general pico,-35.6566,-63.7568,306.57,20,0,0.7,AR,1675541921
60,victoria,22.2855,114.1577,291.18,85,100,4.92,HK,1675541674
61,jalingo,8.8833,11.3667,303.13,15,98,2.22,NG,1675541922
62,santa isabel,-23.3156,-46.2214,301.99,82,100,3.91,BR,1675541382
63,meulaboh,4.1363,96.1285,297.02,88,96,1.68,ID,1675541855
64,dembi dolo,8.5333,34.8,292.72,32,83,1.91,ET,1675541922
65,narsaq,60.9167,-46.05,273.27,90,100,8.76,GL,1675541859
66,prince rupert,54.3161,-130.3201,280.2,92,100,15.43,CA,1675541732
67,balkanabat,39.5108,54.3671,278.61,69,97,0.59,TM,1675541855
68,ureki,41.9956,41.7786,280.13,61,100,1.67,GE,1675541923
69,ustka,54.5805,16.8619,271.29,65,100,6.98,PL,1675541923
70,angoram,-4.0625,144.0661,296.28,99,100,0.31,PG,1675541923
71,saint-philippe,-21.3585,55.7679,298.92,87,98,4.51,RE,1675541809
72,cabo san lucas,22.8909,-109.9124,300.16,50,0,3.09,MX,1675541865
73,chuy,-33.6971,-53.4616,297.35,57,1,7.39,UY,1675541729
74,hobart,-42.8794,147.3294,286.63,71,20,3.6,AU,1675541773
75,port alfred,-33.5906,26.891,296.03,88,100,6.69,ZA,1675541744
76,yellowknife,62.456,-114.3525,247.06,83,40,1.5,CA,1675541613
77,necochea,-38.5473,-58.7368,295.68,44,0,4.91,AR,1675541878
78,altay,47.8667,88.1167,267.04,85,100,1.27,CN,1675541924
79,juegang,32.3174,121.1855,278.14,80,100,2.9,CN,1675541925
80,epinal,48.1833,6.45,278.9,92,14,1.92,FR,1675541925
81,tuatapere,-46.1333,167.6833,292.24,95,100,2.58,NZ,1675541865
82,curumani,9.1999,-73.5427,309.48,26,37,0.97,CO,1675541925
83,asau,46.4333,26.4,269.66,95,100,4.63,RO,1675541927
84,banda aceh,5.5577,95.3222,297.97,86,94,1.37,ID,1675541927
85,vila velha,-20.3297,-40.2925,303.12,78,0,7.2,BR,1675541927
86,bathsheba,13.2167,-59.5167,301.49,69,40,9.77,BB,1675541748
87,tamale,9.4008,-0.8393,305.64,13,100,2.76,GH,1675541743
88,barrow,71.2906,-156.7887,242.16,76,75,3.09,US,1675541808
89,hazorasp,41.3194,61.0742,276.06,64,1,4.57,UZ,1675541928
90,caravelas,-17.7125,-39.2481,301.41,71,7,4.98,BR,1675541382
91,hofn,64.2539,-15.2082,273.96,57,4,6.32,IS,1675541680
92,boueni,-12.9025,45.0761,301.14,77,33,2.69,YT,1675541928
93,qaanaaq,77.484,-69.3632,254.28,66,100,2.48,GL,1675541792
94,ancud,-41.8697,-73.8203,294.16,65,43,2.21,CL,1675541853
95,jizan,17.3333,42.6667,298.67,68,66,3.31,SA,1675541929
96,romitan,39.9343,64.3814,276.12,100,100,3.09,UZ,1675541929
97,seoul,37.5683,126.9778,268.84,65,0,0.46,KR,1675541533
98,atar,20.5169,-13.0499,291.8,16,99,5.65,MR,1675541930
99,impfondo,1.6381,18.0667,300.46,32,100,1.19,CG,1675541930
100,ayia galini,35.1,24.6833,285.29,77,28,0.89,GR,1675541930
101,pemangkat,1.1667,108.9667,297.1,92,100,2.03,ID,1675541865
102,muli,2.9167,73.5667,299.82,69,54,2.91,MV,1675541877
103,caborca,30.5838,-111.101,296.29,15,0,1.25,MX,1675541864
104,pisco,-13.7,-76.2167,297.18,83,0,3.6,PE,1675541931
105,portland,45.5234,-122.6762,284.26,87,75,5.14,US,1675541660
106,cabedelo,-6.9811,-34.8339,302.52,74,42,5.75,BR,1675541931
107,la baule-escoublac,47.2922,-2.364,281.96,76,100,3.6,FR,1675541886
108,fontem,5.4685,9.8818,296.18,65,95,0.3,CM,1675541932
109,kenai,60.5544,-151.2583,268.79,87,100,2.06,US,1675541707
110,new norfolk,-42.7826,147.0587,286.44,65,23,1.57,AU,1675541816
111,sitka,57.0531,-135.33,275.09,87,100,1.54,US,1675541821
112,havoysund,70.9963,24.6622,270.28,84,100,4.24,NO,1675541919
113,kodiak,57.79,-152.4072,268.88,86,0,2.57,US,1675541815
114,deputatskiy,69.3,139.9,238.46,99,99,1.67,RU,1675541932
115,cap malheureux,-19.9842,57.6142,299.52,77,100,1.34,MU,1675541862
116,castro,-24.7911,-50.0119,294.67,85,60,4.12,BR,1675541591
117,sisimiut,66.9395,-53.6735,251.15,96,70,4.04,GL,1675541933
118,saint anthony,45.0205,-93.218,271.9,64,0,3.6,US,1675541933
119,makakilo city,21.3469,-158.0858,294.64,89,100,3.6,US,1675541934
120,butaritari,3.0707,172.7902,300.5,80,73,8.82,KI,1675541811
121,nanortalik,60.1432,-45.2371,269.76,81,100,11.95,GL,1675541749
122,indramayu,-6.3264,108.32,299.25,85,100,4.42,ID,1675541934
123,bubaque,11.2833,-15.8333,298.52,66,10,5.16,GW,1675541935
124,tamandare,-8.7597,-35.1047,300.31,75,64,3.9,BR,1675541935
125,khasan,42.4308,130.6434,265.21,78,17,1.7,RU,1675541851
126,carnarvon,-24.8667,113.6333,298.8,72,2,1.63,AU,1675541805
127,kismayo,-0.3582,42.5454,297.81,82,25,6.26,SO,1675541935
128,bima,-8.4667,118.7167,296.81,97,100,0.6,ID,1675541561
129,berezovyy,51.6667,135.7,248.67,97,100,0.87,RU,1675541936
130,rocha,-34.4833,-54.3333,294.18,81,52,8.63,UY,1675541936
131,katav-ivanovsk,54.7531,58.1956,257.59,93,64,1.79,RU,1675541936
132,lagoa,39.05,-27.9833,288.23,87,5,7.67,PT,1675541937
133,parainen,60.3067,22.301,268.79,71,4,0.47,FI,1675541937
134,christchurch,-43.5333,172.6333,300.26,55,97,7.2,NZ,1675541923
135,talnakh,69.4865,88.3972,261.6,96,100,2.72,RU,1675541554
136,gore,-46.1028,168.9436,294.9,70,100,3.34,NZ,1675541938
137,rabo de peixe,37.8,-25.5833,286.88,88,20,3.6,PT,1675541938
138,atuona,-9.8,-139.0333,298.83,79,22,8.01,PF,1675541806
139,beringovskiy,63.05,179.3167,243.01,92,38,6.05,RU,1675541903
140,faya,18.3851,42.4509,285.21,66,86,1.23,SA,1675541939
141,mahebourg,-20.4081,57.7,299.4,83,40,2.57,MU,1675541772
142,tateyama,34.9833,139.8667,279.87,67,5,4.91,JP,1675541939
143,alyangula,-13.8483,136.4192,299.88,60,98,0.87,AU,1675541939
144,mende,44.6667,3.5,274.14,92,77,6.19,FR,1675541940
145,bredasdorp,-34.5322,20.0403,295.19,81,0,1.78,ZA,1675541812
146,jalu,29.0331,21.5482,286.5,49,100,2.81,LY,1675541940
147,hayden,47.766,-116.7866,280.46,88,99,0.89,US,1675541941
148,nantucket,41.2835,-70.0995,264.23,52,0,7.72,US,1675541941
149,hude,53.1167,8.4667,275.36,87,62,2.84,DE,1675541942
150,jhang,33.6748,72.6963,289.05,60,9,1.94,PK,1675541942
151,srednekolymsk,67.45,153.6833,238.02,100,100,1.26,RU,1675541824
152,kahului,20.8947,-156.47,296.16,90,75,7.2,US,1675541943
153,cidreira,-30.1811,-50.2056,298.87,65,71,4.61,BR,1675541918
154,mandalgovi,45.7625,106.2708,262.22,46,100,3.91,MN,1675541851
155,klaksvik,62.2266,-6.589,277.66,62,12,13.79,FO,1675541788
156,peniche,39.3558,-9.3811,284.88,85,0,6.53,PT,1675541693
157,puerto carreno,6.189,-67.4859,308.96,32,31,5.93,CO,1675541945
158,dikson,73.5069,80.5464,252.35,98,100,1.44,RU,1675541815
159,kelo,9.3086,15.8066,302.73,14,42,2.79,TD,1675541946
160,saldanha,-33.0117,17.9442,292.03,96,81,6.94,ZA,1675541947
161,krasnoshchekovo,51.6708,82.7289,266.82,97,100,1.43,RU,1675541948
162,tokur,53.1333,132.9,246.9,99,100,0.74,RU,1675541869
163,ayaviri,-14.8864,-70.5889,286.3,59,96,3.07,PE,1675541948
164,mitu,1.1983,-70.1733,305.64,45,56,0.52,CO,1675541950
165,henties bay,-22.116,14.2845,291.18,86,100,3.47,NA,1675541951
166,rio grande,-32.035,-52.0986,302.21,57,0,7.53,BR,1675541922
167,akcaabat,41.0212,39.5715,280.08,61,75,3.6,TR,1675541953
168,kruisfontein,-34.0033,24.7314,296.25,67,100,2.42,ZA,1675541813
169,itaituba,-4.2761,-55.9836,302.24,74,40,3.6,BR,1675541955
170,port blair,11.6667,92.75,299.17,89,40,1.03,IN,1675541955
171,vostok,46.4856,135.8833,251.85,98,100,2.25,RU,1675541911
172,thompson,55.7435,-97.8558,253.24,71,75,1.03,CA,1675541837
173,kidal,18.4411,1.4078,297.26,10,100,4.36,ML,1675541956
174,plettenberg bay,-34.0527,23.3716,295.55,73,36,1.39,ZA,1675541857
175,bodden town,19.2833,-81.25,302.0,73,20,5.66,KY,1675541957
176,isiro,2.7739,27.616,295.04,36,16,0.82,CD,1675541958
177,ixtapa,20.7,-105.2,297.72,73,40,5.66,MX,1675541870
178,salitrillo,19.4333,-99.85,292.18,24,0,1.2,MX,1675541959
179,adelaide,-34.9333,138.6,288.62,80,40,2.06,AU,1675541702
180,geraldton,-28.7667,114.6,294.38,88,75,1.54,AU,1675541960
181,bambous virieux,-20.3428,57.7575,299.38,83,40,2.57,MU,1675541765
182,nikolskoye,59.7035,30.7861,270.26,92,100,3.57,RU,1675541830
183,yulara,-25.2406,130.9889,292.13,32,0,4.7,AU,1675541961
184,tasiilaq,65.6145,-37.6368,269.24,87,100,6.02,GL,1675541847
185,eyl,7.9803,49.8164,296.44,70,98,7.04,SO,1675541218
186,itarema,-2.9248,-39.9167,300.65,76,41,6.69,BR,1675541435
187,sao filipe,14.8961,-24.4956,295.4,62,53,5.88,CV,1675541962
188,ulaanbaatar,47.9077,106.8832,247.22,76,34,1.0,MN,1675541919
189,luganville,-15.5333,167.1667,300.55,85,100,3.86,VU,1675541962
190,broken hill,-31.95,141.4333,288.69,58,0,4.68,AU,1675541963
191,lukovetskiy,64.2956,41.9211,251.97,100,72,0.99,RU,1675541963
192,chokurdakh,70.6333,147.9167,238.78,99,51,3.48,RU,1675541570
193,dubrovnik,42.6481,18.0922,278.95,38,0,15.43,HR,1675541964
194,tessalit,20.1986,1.0114,290.63,14,65,4.78,ML,1675541966
195,gat,31.61,34.7642,285.59,100,58,3.18,IL,1675541765
196,marawi,7.9986,124.2928,292.53,90,100,0.7,PH,1675541681
197,fairbanks,64.8378,-147.7164,261.13,79,100,1.54,US,1675541570
198,tilichiki,60.4667,166.1,245.32,98,45,3.75,RU,1675541968
199,faanui,-16.4833,-151.75,300.62,71,69,7.89,PF,1675541851
200,waingapu,-9.6567,120.2641,297.49,92,100,3.17,ID,1675541825
201,hithadhoo,-0.6,73.0833,300.46,73,98,6.76,MV,1675541863
202,santa maria,-29.6842,-53.8069,304.81,27,32,4.34,BR,1675541969
203,sangar,63.9242,127.4739,242.25,99,100,0.52,RU,1675541970
204,namibe,-15.1961,12.1522,294.81,77,30,4.3,AO,1675541921
205,okhotsk,59.3833,143.3,246.7,82,45,5.2,RU,1675541935
206,salalah,17.0151,54.0924,296.2,78,40,1.03,OM,1675541913
207,padang,-0.9492,100.3543,297.97,85,100,1.48,ID,1675541870
208,huntsville,34.7304,-86.5861,285.46,39,20,4.63,US,1675541971
209,port elizabeth,-33.918,25.5701,298.32,72,100,2.24,ZA,1675541972
210,horadiz,39.4488,47.3353,274.58,56,100,1.66,AZ,1675541972
211,torbay,47.6666,-52.7314,260.14,84,100,16.46,CA,1675541855
212,chimoio,-19.1164,33.4833,296.35,67,57,2.58,MZ,1675541973
213,shingu,33.7333,135.9833,275.65,80,19,3.55,JP,1675541913
214,camocim,-2.9022,-40.8411,301.28,74,86,7.55,BR,1675541973
215,lorengau,-2.0226,147.2712,300.3,73,100,1.87,PG,1675541899
216,saint-augustin,51.226,-58.6502,260.37,73,81,11.2,CA,1675541973
217,surin,14.8818,103.4936,298.43,69,80,2.16,TH,1675541974
218,berlevag,70.8578,29.0864,271.15,86,100,3.6,NO,1675541974
219,wajima,37.4,136.9,276.75,59,97,5.05,JP,1675541974
220,cherskiy,68.75,161.3,235.81,100,93,2.39,RU,1675541788
221,bida,9.0833,6.0167,304.51,15,17,0.86,NG,1675541975
222,flin flon,54.7682,-101.865,258.06,66,100,3.09,CA,1675541711
223,marienburg,54.0359,19.0266,272.53,75,93,5.09,PL,1675541546
224,san cristobal,7.7669,-72.225,299.25,34,11,3.15,VE,1675541975
225,ejea de los caballeros,42.1263,-1.1372,279.27,79,0,7.15,ES,1675541976
226,arandis,-22.4167,14.9667,292.75,67,100,2.54,NA,1675541976
227,coihaique,-45.5752,-72.0662,303.12,26,20,2.57,CL,1675541976
228,puerto narino,-3.7703,-70.3831,295.22,99,100,1.31,CO,1675541977
229,eston,51.1501,-108.7514,271.44,89,96,2.3,CA,1675541977
230,marysville,48.0518,-122.1771,284.48,81,100,4.63,US,1675541742
231,fukue,32.6881,128.8419,281.46,52,18,4.77,JP,1675541977
232,takestan,36.0696,49.6959,272.22,53,99,1.16,IR,1675541978
233,luderitz,-26.6481,15.1594,290.86,85,5,7.26,NA,1675541644
234,chifeng,42.2683,118.9636,267.04,39,60,2.55,CN,1675541920
235,gazanjyk,39.2446,55.5154,278.85,64,99,1.27,TM,1675541978
236,bullhead city,35.1478,-114.5683,293.63,26,20,6.17,US,1675541913
237,alofi,-19.0595,-169.9187,301.09,78,100,3.09,NU,1675541868
238,souillac,-20.5167,57.5167,299.36,83,40,2.57,MU,1675541862
239,sungaipenuh,-2.0833,101.3833,291.13,99,100,0.24,ID,1675541979
240,rafaela,-31.2503,-61.4867,303.14,22,0,1.34,AR,1675541979
241,moose factory,51.2585,-80.6094,261.14,79,100,3.6,CA,1675541555
242,naze,28.3667,129.4833,286.66,68,100,4.81,JP,1675541859
243,ostersund,63.1792,14.6357,266.4,79,75,4.12,SE,1675541882
244,namwala,-15.7504,26.4384,293.02,95,99,1.56,ZM,1675541980
245,tharad,24.3961,71.6267,291.55,30,0,1.8,IN,1675541906
246,jurado,7.1053,-77.7641,300.19,77,91,2.63,CO,1675541981
247,grand gaube,-20.0064,57.6608,299.47,77,99,1.34,MU,1675541860
248,uvira,-3.4067,29.1458,296.21,78,66,0.65,CD,1675541981
249,kamenka,51.3223,42.7678,267.51,96,100,3.57,RU,1675541981
250,aquiraz,-3.9014,-38.3911,302.2,76,87,4.17,BR,1675541982
251,urumqi,43.801,87.6005,264.68,79,100,1.0,CN,1675541641
252,tahta,26.7693,31.5021,286.57,47,63,2.45,EG,1675541982
253,neuquen,-38.9516,-68.0591,310.09,14,0,4.12,AR,1675541946
254,pochutla,15.7432,-96.4661,305.05,39,0,3.88,MX,1675541982
255,comodoro rivadavia,-45.8667,-67.5,297.07,46,0,7.72,AR,1675541869
256,matay,28.419,30.7792,286.21,39,100,2.55,EG,1675541777
257,bud,39.447,-86.1758,281.18,43,74,7.76,US,1675541983
258,aklavik,68.2191,-135.0107,235.15,67,20,1.54,CA,1675541839
259,santiago,-33.4569,-70.6483,307.75,33,0,7.2,CL,1675541700
260,tuktoyaktuk,69.4541,-133.0374,231.15,66,0,1.54,CA,1675541819
261,vila franca do campo,37.7167,-25.4333,287.38,84,5,2.44,PT,1675541984
262,the valley,18.217,-63.0578,300.27,78,40,7.2,AI,1675541916
263,jardim,-21.4803,-56.1381,303.63,44,36,3.02,BR,1675541984
264,svetlyy,54.675,20.1347,272.18,71,80,5.12,RU,1675541984
265,georgetown,5.4112,100.3354,299.11,82,20,3.6,MY,1675541808
266,mount gambier,-37.8333,140.7667,286.5,84,100,1.38,AU,1675541756
267,ndola,-12.9587,28.6366,290.53,94,98,1.12,ZM,1675541985
268,price,39.5994,-110.8107,272.74,55,0,1.54,US,1675541985
269,kavaratti,10.5669,72.642,300.57,67,99,2.59,IN,1675541876
270,sorong,-0.8833,131.25,298.26,88,100,2.49,ID,1675541986
271,coquimbo,-29.9533,-71.3436,296.0,64,0,4.63,CL,1675541819
272,ishigaki,24.3448,124.1572,294.22,78,100,4.63,JP,1675541986
273,ziro,27.6333,93.8333,276.14,59,6,1.2,IN,1675541986
274,hirtshals,57.5881,9.9592,273.43,69,79,6.8,DK,1675541987
275,guerrero negro,27.9769,-114.0611,294.02,35,0,4.19,MX,1675541817
276,mehamn,71.0357,27.8492,271.12,80,100,1.54,NO,1675541879
277,buala,-8.145,159.5921,299.44,85,100,2.78,SB,1675541851
278,eureka,40.8021,-124.1637,289.05,50,100,4.02,US,1675541888
279,ilulissat,69.2167,-51.1,254.16,78,40,3.09,GL,1675541987
280,buin,-33.7333,-70.75,307.83,28,0,5.42,CL,1675541871
281,harper,4.375,-7.7169,300.09,82,8,4.23,LR,1675541867
282,nanchang,28.6833,115.8833,280.98,92,97,1.28,CN,1675541752
283,bend,44.0582,-121.3153,280.41,65,20,1.79,US,1675541732
284,college,64.8569,-147.8028,261.12,78,75,1.54,US,1675541988
285,goderich,43.7501,-81.7165,269.21,63,73,9.77,CA,1675541988
286,linxia,35.6003,103.2064,273.7,42,100,1.1,CN,1675541989
287,laguna,38.421,-121.4238,291.49,68,100,6.69,US,1675541560
288,nosy varika,-20.5833,48.5333,296.86,89,99,0.17,MG,1675541858
289,pangnirtung,66.1451,-65.7125,236.15,67,0,0.0,CA,1675541989
290,tayu,-6.5397,111.0518,297.68,91,100,2.83,ID,1675541990
291,high level,58.5169,-117.136,259.21,92,100,1.03,CA,1675541990
292,upernavik,72.7868,-56.1549,252.0,95,100,3.15,GL,1675541751
293,praia,14.9215,-23.5087,295.45,60,66,8.75,CV,1675541725
294,williamsburg,37.2707,-76.7075,275.47,36,0,4.63,US,1675541939
295,bam,29.106,58.357,286.23,42,0,0.08,IR,1675541820
296,sao joao da barra,-21.6403,-41.0511,304.2,83,7,6.26,BR,1675541695
297,raton,36.9034,-104.4391,286.11,18,0,4.12,US,1675541991
298,damara,4.9608,18.7035,300.18,18,20,0.63,CF,1675541991
299,sola,-13.8833,167.55,300.58,83,100,11.54,VU,1675541991
300,margate,51.3813,1.3862,281.65,75,100,0.45,GB,1675541969
301,cetraro,39.5166,15.9416,278.52,76,9,4.53,IT,1675541992
302,kachug,53.9606,105.8817,251.96,100,96,1.19,RU,1675541992
303,hanna,51.6334,-111.9018,275.29,70,100,4.02,CA,1675541991
304,tautira,-17.7333,-149.15,299.37,78,56,6.16,PF,1675541806
305,buraydah,26.326,43.975,287.4,33,0,7.14,SA,1675541993
306,chingirlau,51.095,54.0814,260.93,87,100,4.69,KZ,1675541993
307,tonantins,-2.8731,-67.8022,299.72,93,100,0.53,BR,1675541917
308,tambovka,50.0969,128.0489,246.85,100,85,1.98,RU,1675541994
309,chakulia,22.4833,86.7167,290.68,27,99,0.98,IN,1675541994
310,pimentel,-6.8367,-79.9342,300.31,61,0,8.75,PE,1675541995
311,pringsewu,-5.3582,104.9744,296.26,91,100,0.67,ID,1675541860
312,biak,-0.9131,122.8766,297.22,84,100,1.36,ID,1675541859
313,ventspils,57.3894,21.5606,271.11,86,75,3.09,LV,1675541995
314,san jose,37.3394,-121.895,291.91,70,75,8.23,US,1675541870
315,quelimane,-17.8786,36.8883,300.12,89,20,2.06,MZ,1675541996
316,kaitangata,-46.2817,169.8464,294.63,68,100,2.5,NZ,1675541747
317,fortuna,40.5982,-124.1573,288.9,59,100,6.26,US,1675541857
318,kavieng,-2.5744,150.7967,300.54,73,97,2.0,PG,1675541754
319,evensk,61.95,159.2333,253.9,82,100,3.73,RU,1675541996
320,tchibanga,-2.85,11.0333,296.16,97,99,1.17,GA,1675541996
321,progreso,21.2833,-89.6667,295.21,72,66,7.7,MX,1675541997
322,dhidhdhoo,6.8833,73.1,299.95,78,98,2.23,MV,1675541792
323,barashevo,54.5325,42.8792,265.38,98,99,1.36,RU,1675541997
324,ahipara,-35.1667,173.1667,292.9,89,100,3.35,NZ,1675541928
325,ponta delgada,37.7333,-25.6667,287.55,88,20,3.6,PT,1675541853
326,tucuman,-26.8241,-65.2226,302.15,51,20,2.06,AR,1675541998
327,taltal,-25.4,-70.4833,295.62,74,14,1.6,CL,1675541998
328,sheridan,44.8333,-106.9173,280.36,45,0,1.54,US,1675541998
329,port-gentil,-0.7193,8.7815,300.13,94,20,1.54,GA,1675541811
330,qandala,11.472,49.8728,295.73,72,21,2.02,SO,1675541999
331,surat,21.1667,72.8333,295.06,28,23,3.21,IN,1675541999
332,khatanga,71.9667,102.5,234.42,100,54,2.19,RU,1675541762
333,moron,-34.6534,-58.6198,302.58,32,0,3.56,AR,1675541854
334,farmersville,36.2977,-119.2068,294.31,48,0,2.57,US,1675542000
335,can tho,10.0333,105.7833,296.14,94,0,2.06,VN,1675542000
336,iracoubo,5.4802,-53.2011,298.15,88,100,6.78,GF,1675542000
337,namuac,18.6109,121.1657,294.53,89,15,5.5,PH,1675542001
338,maragogi,-9.0122,-35.2225,300.37,74,36,4.0,BR,1675542001
339,dunedin,-45.8742,170.5036,294.71,78,100,3.13,NZ,1675542001
340,zmeinogorsk,51.1567,82.195,266.8,97,100,0.41,RU,1675542002
341,cazones,20.7167,-97.3167,298.04,31,40,4.12,MX,1675542003
342,edson,53.5835,-116.4356,279.23,49,0,1.54,CA,1675542004
343,hami,42.8,93.45,272.3,36,100,1.97,CN,1675541917
344,husavik,66.0449,-17.3389,270.69,70,3,5.68,IS,1675541778
345,hvide sande,56.0045,8.1294,273.76,85,84,8.04,DK,1675542008
346,chapais,49.7834,-74.8492,251.03,91,100,4.15,CA,1675541910
347,touros,-5.1989,-35.4608,300.82,74,93,6.66,BR,1675541816
348,constitucion,-35.3333,-72.4167,293.3,74,43,3.34,CL,1675541858
349,los llanos de aridane,28.6585,-17.9182,288.01,68,75,3.6,ES,1675542011
350,dashitou,43.3067,128.5114,258.58,85,78,1.81,CN,1675542011
351,baghdad,33.3406,44.4009,283.1,62,0,4.63,IQ,1675541717
352,rawson,-43.3002,-65.1023,305.96,26,21,5.49,AR,1675541817
353,avera,33.194,-82.5271,283.92,33,9,3.19,US,1675542016
354,ingham,42.6,-84.3833,273.16,57,0,3.6,US,1675541917
355,severo-yeniseyskiy,60.3725,93.0408,261.17,97,100,1.65,RU,1675542019
356,butembo,0.15,29.2833,289.4,52,80,1.55,CD,1675542021
357,kendari,-3.945,122.4989,297.22,91,100,0.93,ID,1675542024
358,khilok,51.3674,110.4676,251.53,99,99,1.5,RU,1675542024
359,hasaki,35.7333,140.8333,275.49,56,2,7.69,JP,1675541891
360,manjeshwar,12.7194,74.8861,298.68,78,0,1.49,IN,1675542026
361,dawlatabad,36.4141,64.9053,280.34,86,100,3.09,AF,1675542027
362,nome,64.5011,-165.4064,261.19,85,100,3.6,US,1675541586
363,kungurtug,50.5994,97.5228,254.72,97,99,0.73,RU,1675542029
364,shizuishan,39.2333,106.7694,270.83,31,39,4.38,CN,1675542030
365,sept-iles,50.2001,-66.3821,254.29,72,75,12.35,CA,1675541825
366,san patricio,28.017,-97.5169,294.12,52,61,4.33,US,1675541879
367,umm lajj,25.0213,37.2685,292.83,52,9,4.18,SA,1675541814
368,namatanai,-3.6667,152.4333,299.13,82,100,1.25,PG,1675541803
369,asuncion,-25.3007,-57.6359,305.87,35,20,4.12,PY,1675542031
370,mafeteng,-29.823,27.2374,292.54,42,5,2.76,LS,1675542031
371,nishihara,26.1842,127.7558,289.75,85,100,4.12,JP,1675541896
372,shitanjing,39.2342,106.3439,270.38,32,45,3.24,CN,1675541870
373,locri,38.2414,16.2623,282.77,82,27,2.72,IT,1675542031
374,paamiut,61.994,-49.6678,264.4,75,100,5.09,GL,1675541990
375,boa vista,2.8197,-60.6733,303.14,58,40,2.06,BR,1675542032
376,hambantota,6.1241,81.1185,297.46,86,11,5.4,LK,1675542032
377,upington,-28.4478,21.2561,299.36,50,100,1.03,ZA,1675542033
378,rio verde de mato grosso,-18.9181,-54.8442,298.75,87,100,2.29,BR,1675542033
379,lebu,-37.6167,-73.65,292.13,79,51,4.85,CL,1675541833
380,letpadan,17.7833,95.75,294.27,53,72,2.89,MM,1675541850
381,thinadhoo,0.5333,72.9333,300.06,70,17,5.59,MV,1675541556
382,zheleznodorozhnyy,55.7503,38.0042,273.35,99,98,1.23,RU,1675542034
383,saint-leu,-21.15,55.2833,298.63,80,100,2.31,RE,1675542034
384,los alamos,35.8881,-106.307,283.52,29,17,1.79,US,1675541748
385,labuhan,-6.8844,112.2051,298.24,88,100,3.3,ID,1675541846
386,tulle,45.3333,1.8333,280.12,89,32,2.88,FR,1675542034
387,malangwa,26.8568,85.5581,285.98,65,0,1.63,NP,1675542035
388,maryville,35.7565,-83.9705,283.52,43,75,3.09,US,1675541806
389,colesberg,-30.72,25.0972,296.05,41,100,6.82,ZA,1675542035
390,eydhafushi,5.1033,73.0708,300.17,77,80,2.42,MV,1675541862
391,songkhla,6.8333,100.6667,297.18,87,79,2.87,TH,1675542036
392,conceicao do araguaia,-8.2578,-49.2647,301.84,75,99,1.57,BR,1675541555
393,lagos,6.5833,3.75,302.33,82,100,3.66,NG,1675541717
394,almaznyy,48.0448,40.045,267.13,94,15,1.23,RU,1675542036
395,fuente de oro,3.4594,-73.6128,308.48,24,13,3.25,CO,1675542037
396,talaya,61.3833,152.75,241.78,99,100,0.44,RU,1675542037
397,devarkonda,16.7,78.9333,294.87,43,0,2.14,IN,1675542037
398,yinchuan,38.4681,106.2731,271.43,30,0,0.78,CN,1675542038
399,urucara,-2.5364,-57.76,301.66,78,100,1.15,BR,1675541993
400,birao,10.2849,22.7882,297.16,12,58,2.87,CF,1675542038
401,iranshahr,27.2025,60.6848,289.34,63,0,2.06,IR,1675542038
402,pokosnoye,55.5258,101.0536,249.86,100,100,0.52,RU,1675542039
403,muros,42.7762,-9.0603,284.31,76,1,4.22,ES,1675541818
404,imbituba,-28.24,-48.6703,298.08,80,34,4.95,BR,1675541894
405,tahlequah,35.9154,-94.97,285.95,43,0,6.69,US,1675542039
406,sechura,-5.5569,-80.8222,301.16,56,95,8.0,PE,1675541896
407,perpignan,42.75,2.75,283.95,43,0,12.86,FR,1675542040
408,sainte-rose,16.3324,-61.6979,300.17,74,100,7.2,GP,1675542041
409,zholymbet,51.7433,71.7122,253.37,99,100,3.63,KZ,1675542041
410,bratsk,56.1325,101.6142,253.42,100,99,1.24,RU,1675542042
411,okara,30.8081,73.4458,286.66,53,0,1.71,PK,1675542042
412,vanimo,-2.6741,141.3028,297.77,90,100,1.03,PG,1675542042
413,lucea,18.451,-78.1736,300.07,71,24,4.54,JM,1675542043
414,la asuncion,11.0333,-63.8628,299.64,72,1,9.08,VE,1675542043
415,ojo caliente,22.5708,-102.2519,295.3,23,26,1.42,MX,1675542043
416,zhanakorgan,43.9098,67.2495,275.68,97,100,3.35,KZ,1675542044
417,grindavik,63.8424,-22.4338,276.41,65,75,10.29,IS,1675541553
418,markova,48.6758,24.4138,266.78,94,100,4.02,UA,1675542044
419,nanga eboko,4.6833,12.3667,297.41,26,8,0.59,CM,1675542044
420,samarai,-10.6167,150.6667,300.44,78,97,2.56,PG,1675542045
421,vianopolis,-16.7419,-48.5164,296.16,80,96,2.8,BR,1675542045
422,lasem,-6.6922,111.4527,297.57,92,100,1.99,ID,1675542045
423,songea,-10.6833,35.65,291.24,94,100,0.59,TZ,1675541926
424,varkaus,62.3153,27.873,258.32,99,81,0.94,FI,1675541779
425,provideniya,64.3833,-173.3,253.26,89,100,4.75,RU,1675541850
426,hamilton,39.1834,-84.5333,281.85,38,0,8.23,US,1675541568
427,mayo,38.8876,-76.5119,273.8,45,0,5.66,US,1675541849
428,kaoma,-14.7833,24.8,291.63,97,100,2.21,ZM,1675542046
429,grand-santi,4.25,-54.3833,298.39,96,91,2.13,GF,1675542046
430,voh,-20.9667,164.7,300.13,84,9,1.88,NC,1675542047
431,tual,-5.6667,132.75,300.77,80,100,6.63,ID,1675542047
432,beloha,-25.1667,45.05,296.29,82,100,7.01,MG,1675542047
433,verkhnevilyuysk,63.4453,120.3167,238.31,100,100,1.65,RU,1675542048
434,lukulu,-14.3707,23.242,292.42,95,100,3.07,ZM,1675542048
435,bellefontaine,40.3612,-83.7597,278.33,44,9,4.02,US,1675541846
436,porangatu,-13.4408,-49.1486,300.88,78,70,1.27,BR,1675541752
437,severo-kurilsk,50.6789,156.125,269.75,73,100,2.88,RU,1675541815
438,huangcun,30.0145,118.4037,278.95,95,100,0.6,CN,1675542049
439,alto araguaia,-17.3147,-53.2153,298.16,82,100,1.9,BR,1675542049
440,ionia,42.9873,-85.0711,273.76,56,0,4.63,US,1675541960
441,siguiri,11.6667,-9.5,302.18,15,82,0.47,GN,1675542049
442,enterprise,36.0252,-115.2419,289.76,28,75,2.57,US,1675542050
443,kangly,44.2544,43.0308,271.18,86,100,3.0,RU,1675541868
444,valera,9.3178,-70.6036,302.55,49,40,2.19,VE,1675542050
445,el rodeo,14.9167,-91.9667,302.71,40,6,3.73,GT,1675542051
446,lere,10.387,8.5726,299.22,15,94,3.59,NG,1675542051
447,broome,42.2506,-75.833,265.94,58,100,4.02,US,1675542051
448,asosa,10.0667,34.5333,293.7,28,11,1.93,ET,1675542052
449,gaillac,43.9016,1.8969,280.32,94,0,2.66,FR,1675542052
450,cuamba,-14.8031,36.5372,294.85,93,85,0.78,MZ,1675542052
451,malko tarnovo,41.9833,27.5333,274.36,91,100,3.36,BG,1675542053
452,alzamay,55.5562,98.6644,255.04,100,100,0.62,RU,1675542053
453,pecos,31.4229,-103.4932,292.76,31,0,1.54,US,1675541949
454,bukachacha,52.9833,116.9167,247.78,99,22,1.52,RU,1675541819
455,merauke,-8.4667,140.3333,297.9,92,100,2.59,ID,1675542053
456,zeya,53.75,127.2667,242.95,100,59,1.24,RU,1675542054
457,koindu,8.4386,-10.3253,299.27,34,32,0.05,GN,1675542054
458,gazli,40.1333,63.45,276.67,73,1,2.1,UZ,1675541856
459,ornes,66.8689,13.7078,273.92,51,100,4.63,NO,1675542054
460,lata,40.1629,-8.3327,280.97,74,0,1.71,PT,1675541876
461,talara,-4.5772,-81.2719,304.57,48,20,5.14,PE,1675542055
462,saint-francois,46.4154,3.9054,280.19,94,0,1.54,FR,1675542055
463,zyryanka,65.75,150.85,246.64,97,100,3.7,RU,1675542056
464,san ignacio,17.1561,-89.0714,299.23,78,75,2.06,BZ,1675541822
465,hailar,49.2,119.7,241.78,100,87,1.03,CN,1675542056
466,arman,59.7,150.1667,246.92,86,74,3.65,RU,1675541857
467,nipawin,53.3668,-104.0009,263.17,92,100,1.54,CA,1675542056
468,pasni,25.2631,63.471,294.57,83,0,5.71,PK,1675542057
469,belyy yar,53.6039,91.3903,248.09,92,20,1.0,RU,1675542057
470,westport,41.1415,-73.3579,267.14,30,40,3.09,US,1675541865
471,ellisras,-23.6649,27.7443,295.01,78,23,2.61,ZA,1675542057
472,bella union,-30.2752,-57.6007,304.98,20,0,5.39,UY,1675542058
473,mufumbwe,-13.6833,24.8,291.96,98,100,2.67,ZM,1675542058
474,tazovskiy,67.4667,78.7,258.96,96,100,1.86,RU,1675542058
475,dwarka,22.2394,68.9678,293.88,62,74,4.16,IN,1675542059
476,linjiang,41.8069,126.9078,253.94,98,57,0.44,CN,1675542059
477,nanchong,30.7951,106.0847,283.12,77,98,1.58,CN,1675542059
478,simao,22.7886,100.9748,284.99,95,34,0.88,CN,1675542060
479,taywarah,33.35,64.4167,266.0,72,39,2.17,AF,1675542060
480,lages,-27.8161,-50.3261,295.01,76,45,2.04,BR,1675542060
481,gboko,7.3179,8.9951,305.39,16,100,1.18,NG,1675542061
482,hidalgo,20.5,-99.0,291.34,31,0,2.88,MX,1675542061
483,west bay,19.3667,-81.4167,302.07,74,20,5.66,KY,1675542061
484,codrington,-38.2667,141.9667,287.36,82,100,2.63,AU,1675541925
485,cayenne,4.9333,-52.3333,298.17,94,75,3.09,GF,1675542064
486,qaqortoq,60.7167,-46.0333,270.01,81,100,12.82,GL,1675542066
487,hovd,48.0056,91.6419,258.18,80,50,0.7,MN,1675541851
488,amapa,1.0,-52.0,296.04,98,100,2.55,BR,1675541920
489,san quintin,30.4833,-115.95,291.64,50,0,4.22,MX,1675542068
490,banyo,6.75,11.8167,296.22,22,100,1.88,CM,1675542069
491,rebrikha,53.0733,82.3408,253.12,100,83,1.5,RU,1675542070
492,shenzhen,22.5455,114.0683,291.12,89,100,2.27,CN,1675542071
493,bac lieu,9.285,105.7244,297.71,81,93,6.45,VN,1675542072
494,poddorye,57.4695,31.1156,267.63,95,97,3.56,RU,1675542016
495,presidencia roque saenz pena,-26.7852,-60.4388,308.18,20,53,4.58,AR,1675542058
496,shar,49.5886,81.0453,264.85,96,100,2.77,KZ,1675542077
497,leh,34.1667,77.5833,258.44,80,81,1.26,IN,1675541969
498,majene,-3.5403,118.9707,298.59,78,100,2.07,ID,1675542083
499,nuqui,5.7125,-77.2708,300.09,79,99,1.94,CO,1675542084
500,pacifica,37.6138,-122.4869,289.74,93,100,5.14,US,1675542086
501,panambi,-28.2925,-53.5017,299.93,45,77,4.18,BR,1675541800
502,mudgee,-32.5943,149.5871,280.72,65,0,1.65,AU,1675542089
503,jieshou,33.2634,115.3611,275.39,71,6,3.07,CN,1675542090
504,kapustin yar,48.5831,45.7372,269.08,93,97,2.59,RU,1675541881
505,juneau,58.3019,-134.4197,274.32,94,100,1.54,US,1675542090
506,dolores,-36.3132,-57.6792,302.81,18,0,6.63,AR,1675542091
507,phek,25.6667,94.5,276.5,78,31,0.77,IN,1675542091
508,auki,-8.7676,160.7034,299.63,86,100,2.27,SB,1675542092
509,kushima,31.4583,131.2333,280.29,84,100,2.07,JP,1675542092
510,trinidad,-14.8333,-64.9,302.14,70,40,2.06,BO,1675541924
511,villazon,-22.0866,-65.5942,280.74,78,100,5.85,BO,1675542093
512,osinovo,55.8809,48.881,261.2,100,100,1.18,RU,1675542093
513,veraval,20.9,70.3667,294.91,42,21,2.38,IN,1675542093
514,kauswagan,8.1917,124.0847,298.11,83,100,0.87,PH,1675542094
515,pindobacu,-10.7417,-40.3608,307.5,26,48,3.65,BR,1675542094
516,la reforma,25.0833,-108.05,297.85,40,14,4.64,MX,1675542094
517,ostrovnoy,68.0531,39.5131,262.35,85,99,4.73,RU,1675541813
518,katherine,-14.4667,132.2667,296.33,94,15,0.0,AU,1675542095
519,sur,22.5667,59.5289,294.53,69,0,1.86,OM,1675541997
520,belmonte,-15.8631,-38.8828,301.28,73,3,5.07,BR,1675542045
521,ozinki,51.1786,49.6769,262.29,98,100,1.73,RU,1675542095
522,ribeira grande,38.5167,-28.7,290.25,88,20,5.36,PT,1675541808
523,kurilsk,45.2333,147.8833,266.88,67,100,6.15,RU,1675541561
524,gondanglegi,-7.7479,112.0132,297.01,85,100,0.92,ID,1675542096
525,kandrian,-6.2167,149.55,298.64,87,95,3.01,PG,1675542096
526,lekoni,-1.5843,14.2591,302.23,45,96,1.56,GA,1675542097
527,coos bay,43.3665,-124.2179,289.26,81,0,2.57,US,1675542097
528,tiarei,-17.5333,-149.3333,303.16,77,29,7.12,PF,1675542097
529,saint-joseph,-21.3667,55.6167,298.36,85,98,4.87,RE,1675542098
530,dingle,10.9995,122.6711,296.78,94,99,4.1,PH,1675541807
531,katobu,-4.9408,122.5276,296.59,94,100,1.5,ID,1675542098
532,harrison,30.4091,-89.0436,289.16,54,0,4.63,US,1675542098
533,matara,5.9485,80.5353,296.84,92,47,2.37,LK,1675542099
534,rio gallegos,-51.6226,-69.2181,291.18,63,75,4.12,AR,1675542099
535,tupik,54.4253,119.9327,240.27,100,86,0.9,RU,1675542099
536,fengcheng,40.4536,124.0717,267.35,73,2,1.19,CN,1675542100
537,lavrentiya,65.5833,-171.0,247.8,95,96,3.12,RU,1675541808
538,aykhal,66.0,111.5,235.63,100,100,1.13,RU,1675542100
539,ajdabiya,30.7554,20.2263,286.01,61,19,2.24,LY,1675542100
540,burnie,-41.0667,145.9167,285.51,77,6,4.55,AU,1675542101
541,along,28.1667,94.7667,284.36,57,1,0.84,IN,1675542101
542,andenes,69.3143,16.1194,275.14,69,100,8.23,NO,1675542101
543,juarez,31.7333,-106.4833,290.53,27,0,2.24,MX,1675541870
544,harrisonburg,38.4496,-78.8689,275.01,34,67,6.23,US,1675542102
545,soc trang,9.6033,105.98,297.42,79,67,5.37,VN,1675542102
546,paracuru,-3.41,-39.0306,300.99,74,84,5.19,BR,1675542102
547,linqing,36.8456,115.7117,275.03,58,0,4.77,CN,1675542103
548,nago,26.5881,127.9761,289.62,77,97,4.64,JP,1675542103
549,cecina,43.3128,10.524,285.81,78,0,2.95,IT,1675542103
550,nchelenge,-9.3451,28.734,294.76,84,99,2.92,ZM,1675542104
551,moreira sales,-24.0622,-53.0069,300.36,66,27,3.26,BR,1675542104
552,sambava,-14.2667,50.1667,298.08,90,56,4.39,MG,1675542102
553,chicama,-7.8447,-79.1469,296.45,54,49,5.13,PE,1675542104
554,panaba,21.2833,-88.2667,298.6,64,97,7.66,MX,1675542105
555,warrenton,-28.114,24.8475,298.15,31,18,4.9,ZA,1675542105
556,xingyi,24.1877,102.817,281.78,92,74,2.02,CN,1675542106
557,prainha,-1.8,-53.48,303.47,58,92,2.63,BR,1675542106
558,melnikovo,56.5558,84.085,252.8,100,100,0.71,RU,1675542106
